Company_ID,Year,Total_Assets,Revenue,Net_Income,Debt_to_Equity,Current_Ratio,Cash_Flow,Auditor_Size,Industry,Going_Concern
C1000,2018,193.21,213.51,-41.38,0.19,1.74,31.05,Big4,IT,0
C1001,2023,203.27,179.22,-15.82,3.35,2.97,-1.55,Big4,Manufacturing,1
C1002,2022,175.17,79.66,0.43,3.43,2.44,10.9,NonBig4,Construction,0
C1003,2021,63.58,70.02,-1.59,2.59,2.09,3.62,NonBig4,Transport,1
C1004,2021,37.11,26.83,4.42,1.63,3.13,-0.68,Big4,Manufacturing,1
C1005,2024,153.33,111.7,-3.35,0.77,2.45,-5.0,Big4,Transport,1
C1006,2018,111.82,127.7,4.94,2.84,2.36,-0.67,Big4,Manufacturing,1
C1007,2022,195.51,69.12,4.64,2.58,0.91,-6.09,Big4,Transport,0
C1008,2019,226.14,111.64,-21.23,0.78,0.64,2.6,NonBig4,IT,1
C1009,2018,161.25,133.39,4.24,1.58,3.39,34.79,NonBig4,Manufacturing,0
C1010,2021,234.18,111.46,-5.0,1.62,2.22,25.92,NonBig4,IT,1
C1011,2024,170.29,155.23,-1.62,2.89,1.63,7.58,NonBig4,Manufacturing,1
C1012,2023,203.98,100.5,-15.56,2.39,2.18,13.1,NonBig4,Construction,0
C1013,2023,97.24,37.85,5.76,2.25,0.5,4.8,NonBig4,Transport,0
C1014,2023,133.25,64.8,14.52,2.27,2.93,15.0,Big4,Retail,0
C1015,2023,167.01,113.64,-21.59,0.95,0.99,-0.62,Big4,Retail,1
C1016,2021,242.82,111.34,7.86,1.3,2.87,2.07,NonBig4,Services,0
C1017,2018,117.19,49.36,7.09,0.16,2.01,1.02,NonBig4,Services,0
C1018,2023,202.9,217.97,-15.66,2.75,1.19,-18.23,Big4,Manufacturing,1
C1019,2021,126.53,74.44,11.49,1.52,0.4,1.93,Big4,Services,1
C1020,2021,138.31,86.4,7.31,1.53,2.91,21.7,Big4,Retail,0
C1021,2020,244.13,85.38,18.62,0.86,0.86,22.61,Big4,Manufacturing,0
C1022,2019,44.89,27.91,6.74,0.73,0.47,-1.57,NonBig4,Retail,0
C1023,2024,68.18,36.7,-6.64,2.06,2.72,3.05,NonBig4,Manufacturing,0
C1024,2023,60.99,51.81,0.01,0.81,1.42,2.72,NonBig4,Transport,0
C1025,2022,36.59,17.74,0.82,0.22,1.55,1.7,Big4,Transport,0
C1026,2020,98.79,108.62,-14.55,2.69,1.09,13.24,Big4,Services,0
C1027,2023,232.68,264.49,-12.87,1.32,3.05,-24.31,NonBig4,Transport,0
C1028,2021,125.09,48.77,11.92,1.33,1.25,11.55,NonBig4,Services,0
C1029,2021,167.11,66.29,-12.77,1.51,0.97,19.19,Big4,Transport,1
C1030,2021,285.3,115.2,0.42,2.85,1.29,18.59,Big4,Retail,0
C1031,2019,329.18,282.31,50.59,1.12,0.95,46.35,NonBig4,Retail,0
C1032,2018,142.38,58.34,-3.16,2.65,1.32,6.49,NonBig4,IT,0
C1033,2021,334.34,356.79,5.68,3.29,0.57,12.03,NonBig4,Retail,1
C1034,2024,156.85,153.53,36.87,2.31,0.81,-6.2,NonBig4,IT,0
C1035,2018,89.8,93.2,1.28,1.51,1.63,12.45,NonBig4,Services,0
C1036,2024,103.89,80.35,-11.34,2.62,3.11,-6.59,NonBig4,Services,0
C1037,2023,61.05,73.08,-12.92,1.6,0.48,16.79,Big4,Services,1
C1038,2019,87.11,29.6,6.67,1.45,0.98,2.02,NonBig4,IT,0
C1039,2022,119.72,79.15,-6.36,1.84,3.21,5.22,NonBig4,Manufacturing,0
C1040,2019,240.36,142.18,3.81,1.11,3.15,4.39,Big4,IT,0
C1041,2023,416.74,480.83,-76.54,0.36,2.47,138.35,NonBig4,IT,1
C1042,2022,64.76,53.05,-0.5,1.45,1.07,-1.59,NonBig4,IT,0
C1043,2020,187.86,192.66,42.11,0.43,1.64,-7.61,Big4,Transport,1
C1044,2018,79.49,36.03,0.94,1.44,0.98,-1.22,Big4,IT,1
C1045,2024,197.32,232.99,55.22,1.95,0.71,38.07,NonBig4,Construction,0
C1046,2021,137.19,102.72,-8.58,3.26,1.52,30.48,NonBig4,Services,0
C1047,2024,49.47,36.82,1.0,0.13,2.14,-0.21,NonBig4,Services,0
C1048,2022,259.04,304.06,56.8,2.18,1.45,79.74,NonBig4,IT,0
C1049,2023,103.23,66.34,0.11,1.6,2.25,0.76,NonBig4,Services,0
C1050,2023,107.73,70.86,-5.26,0.07,1.25,11.28,NonBig4,Construction,1
C1051,2019,78.11,64.54,11.94,0.87,1.41,-5.41,NonBig4,Manufacturing,0
C1052,2020,100.23,41.62,-1.02,0.41,2.83,4.09,NonBig4,Retail,0
C1053,2021,191.85,113.0,4.39,0.76,3.11,18.29,NonBig4,Retail,0
C1054,2021,132.48,62.78,15.03,0.96,1.33,7.19,NonBig4,Services,0
C1055,2018,180.76,71.03,-8.25,1.4,2.13,-0.35,NonBig4,Construction,0
C1056,2021,184.41,199.08,-12.81,1.85,1.19,46.07,Big4,IT,0
C1057,2019,327.8,272.2,-50.63,0.0,0.47,78.41,NonBig4,Services,0
C1058,2023,120.82,75.25,-1.78,0.57,2.66,6.3,NonBig4,Manufacturing,0
C1059,2022,61.18,40.86,-4.49,0.33,0.85,6.31,Big4,Construction,1
C1060,2024,281.56,193.82,20.55,1.92,1.66,41.9,NonBig4,Manufacturing,0
C1061,2023,121.65,105.82,-12.53,1.15,1.86,-0.36,NonBig4,Transport,1
C1062,2020,289.67,328.51,34.06,1.92,0.89,80.74,Big4,IT,0
C1063,2024,186.8,212.86,-17.33,0.78,0.6,2.57,Big4,Retail,0
C1064,2020,137.18,89.49,-3.59,0.08,1.41,18.82,NonBig4,Retail,0
C1065,2020,182.96,109.11,-4.69,3.29,3.35,-6.02,NonBig4,Manufacturing,1
C1066,2024,478.48,337.78,41.39,0.38,2.27,5.19,Big4,Services,0
C1067,2020,516.04,418.58,4.16,0.44,1.52,47.49,NonBig4,Manufacturing,0
C1068,2018,154.72,110.72,-4.14,0.51,0.42,12.18,Big4,Transport,1
C1069,2021,163.39,145.89,26.8,3.43,2.22,35.04,NonBig4,Manufacturing,0
C1070,2023,283.08,226.17,12.98,2.16,0.6,67.5,NonBig4,Construction,0
C1071,2019,89.35,52.6,-5.46,2.14,2.04,-3.0,NonBig4,Construction,1
C1072,2021,181.24,110.77,22.71,3.45,2.71,0.95,NonBig4,Retail,0
C1073,2018,146.13,93.63,-4.29,0.31,1.66,4.03,NonBig4,IT,0
C1074,2022,179.17,69.01,-12.59,3.41,1.26,6.32,NonBig4,Manufacturing,0
C1075,2021,90.02,40.46,0.91,0.71,0.45,3.95,Big4,Transport,1
C1076,2020,57.18,54.37,-7.84,2.18,0.38,13.18,Big4,IT,0
C1077,2019,42.79,27.82,-2.58,1.47,1.68,5.79,Big4,Construction,0
C1078,2021,75.91,37.43,5.1,1.34,3.13,-3.46,NonBig4,Transport,0
C1079,2022,112.71,90.89,-12.83,3.26,1.08,7.45,NonBig4,Services,0
C1080,2024,124.47,121.98,19.9,0.52,2.14,17.96,NonBig4,Retail,0
C1081,2021,474.54,252.3,55.91,3.49,2.49,21.23,Big4,Manufacturing,0
C1082,2019,288.18,300.89,21.95,1.33,0.49,-14.37,Big4,Transport,0
C1083,2023,83.32,94.55,11.31,2.27,0.79,5.58,NonBig4,Services,0
C1084,2022,182.84,153.16,18.55,3.39,1.36,9.9,NonBig4,IT,1
C1085,2022,116.25,104.86,25.88,0.2,2.44,-2.61,Big4,Retail,0
C1086,2018,125.13,43.46,-2.01,3.23,1.7,8.8,Big4,Transport,1
C1087,2020,165.87,190.91,-24.19,1.99,2.65,5.45,Big4,Transport,0
C1088,2023,215.19,140.57,4.73,2.47,3.08,19.06,NonBig4,Retail,0
C1089,2023,121.08,137.0,5.47,0.52,2.73,14.56,Big4,Services,0
C1090,2021,280.99,230.72,-27.67,1.87,3.48,57.9,Big4,IT,0
C1091,2023,74.8,22.75,1.73,2.36,2.71,-1.16,NonBig4,Retail,0
C1092,2023,148.98,49.86,-9.66,1.6,3.03,-2.71,Big4,Manufacturing,1
C1093,2020,705.29,643.49,139.93,0.54,2.96,12.95,NonBig4,Retail,0
C1094,2024,169.67,136.82,-11.07,0.85,2.64,9.92,Big4,Construction,0
C1095,2020,350.7,113.58,-20.69,2.99,2.87,2.21,NonBig4,Manufacturing,0
C1096,2019,156.79,151.95,-22.99,0.12,3.29,31.19,NonBig4,Services,0
C1097,2022,210.29,224.36,-20.62,2.48,1.82,-0.42,Big4,Transport,1
C1098,2022,143.44,107.12,-8.22,3.5,2.34,-7.08,Big4,Manufacturing,1
C1099,2018,133.99,96.36,-17.85,0.03,1.95,6.31,NonBig4,Manufacturing,1
C1100,2023,92.97,28.35,-2.11,0.56,3.02,5.94,NonBig4,Services,0
C1101,2019,192.13,193.66,-21.92,2.36,1.68,46.52,Big4,Manufacturing,0
C1102,2023,89.04,53.21,-1.58,0.21,2.92,10.29,Big4,Manufacturing,0
C1103,2018,221.26,241.37,-6.44,2.06,2.86,29.73,Big4,Retail,1
C1104,2023,284.62,180.95,-8.59,2.39,3.38,34.32,NonBig4,Manufacturing,0
C1105,2023,184.92,149.52,-7.84,2.06,1.1,25.8,NonBig4,IT,0
C1106,2023,124.99,67.91,-10.84,1.28,2.57,-0.42,NonBig4,Manufacturing,1
C1107,2022,194.88,86.63,-16.34,2.44,2.72,10.42,Big4,Construction,0
C1108,2021,123.32,123.0,-13.41,2.08,3.3,25.61,NonBig4,IT,1
C1109,2022,260.17,194.33,27.3,0.73,3.2,5.22,NonBig4,Construction,0
C1110,2019,49.46,38.72,9.52,1.97,2.14,6.26,Big4,Construction,0
C1111,2023,121.34,141.83,30.9,3.09,2.15,13.13,Big4,Services,0
C1112,2021,44.95,52.47,1.41,2.33,0.84,5.31,NonBig4,Transport,0
C1113,2021,60.52,64.76,2.55,1.65,3.42,-4.14,NonBig4,Manufacturing,0
C1114,2021,336.41,157.73,-9.22,1.13,1.12,26.26,NonBig4,Manufacturing,0
C1115,2021,253.94,212.0,31.43,0.3,2.62,52.21,NonBig4,Transport,0
C1116,2018,96.38,105.09,15.15,0.86,2.85,-4.56,NonBig4,Manufacturing,1
C1117,2018,60.25,38.38,6.91,0.04,1.71,1.78,Big4,Retail,0
C1118,2019,25.06,9.8,1.99,3.45,0.98,-0.79,Big4,Retail,1
C1119,2018,107.11,110.31,-0.5,0.78,0.9,-9.72,Big4,Manufacturing,1
C1120,2021,634.13,465.19,67.5,2.85,3.04,137.63,NonBig4,Manufacturing,0
C1121,2022,192.66,155.66,25.35,0.59,1.93,15.16,NonBig4,Construction,0
C1122,2022,106.09,125.6,-7.69,0.99,0.59,5.3,Big4,Construction,1
C1123,2021,196.18,166.06,36.23,1.46,2.59,1.65,Big4,Manufacturing,0
C1124,2023,58.17,39.7,-6.25,1.14,1.1,11.59,NonBig4,Transport,0
C1125,2021,124.16,78.59,19.44,2.79,3.1,0.07,NonBig4,Manufacturing,0
C1126,2018,157.54,106.47,15.6,3.35,1.29,20.26,NonBig4,IT,0
C1127,2023,140.94,57.3,-9.06,3.06,0.94,0.77,Big4,IT,1
C1128,2022,238.53,242.17,23.08,0.54,0.57,-17.39,NonBig4,Construction,1
C1129,2022,182.51,192.36,-35.51,2.72,1.94,33.34,NonBig4,Services,1
C1130,2021,221.63,123.22,18.06,0.52,1.74,-12.24,NonBig4,Manufacturing,0
C1131,2021,98.2,56.31,8.99,3.2,2.7,9.59,NonBig4,Retail,0
C1132,2018,254.34,276.44,19.65,1.81,1.79,0.04,NonBig4,Transport,0
C1133,2021,394.4,126.83,23.54,1.18,1.4,25.17,NonBig4,Services,0
C1134,2023,82.92,63.72,-9.94,0.55,1.14,13.25,NonBig4,Manufacturing,0
C1135,2020,87.13,62.5,-4.74,0.04,1.19,11.85,NonBig4,IT,1
C1136,2022,330.79,304.7,-4.15,0.87,3.27,-27.49,NonBig4,IT,1
C1137,2018,132.32,59.15,-10.7,3.2,0.83,10.74,NonBig4,Manufacturing,0
C1138,2020,344.57,310.63,0.53,2.79,3.46,91.96,NonBig4,Manufacturing,0
C1139,2021,113.8,72.73,-5.87,3.39,1.35,-0.21,Big4,Manufacturing,0
C1140,2024,355.32,304.45,-7.08,0.35,0.58,2.95,Big4,Manufacturing,0
C1141,2019,160.6,53.98,-0.47,2.07,1.1,12.17,NonBig4,Construction,0
C1142,2019,173.28,123.99,24.27,0.9,0.49,-4.44,NonBig4,Manufacturing,1
C1143,2020,379.49,292.22,-22.89,1.9,2.83,47.99,NonBig4,Construction,1
C1144,2024,119.45,58.88,11.9,1.12,1.94,11.89,NonBig4,Retail,0
C1145,2023,84.38,35.92,-0.3,0.99,1.38,-3.06,NonBig4,Transport,0
C1146,2018,113.39,53.25,-2.79,2.01,2.42,6.47,NonBig4,IT,0
C1147,2019,194.69,118.71,3.1,0.64,2.32,15.47,Big4,Services,0
C1148,2023,58.01,22.46,-0.27,1.64,3.31,0.48,Big4,Services,1
C1149,2018,217.56,250.76,-21.11,2.28,3.38,62.82,NonBig4,Manufacturing,0
C1150,2023,107.42,71.38,1.87,0.45,2.48,-2.49,Big4,Manufacturing,0
C1151,2019,295.51,303.81,-40.01,3.26,2.92,13.88,NonBig4,Construction,0
C1152,2024,35.28,41.52,-1.73,1.77,2.84,9.94,NonBig4,Manufacturing,0
C1153,2020,92.58,34.5,1.88,2.87,1.87,-0.82,NonBig4,Construction,1
C1154,2021,53.95,47.83,-0.67,2.29,2.55,10.93,Big4,Services,1
C1155,2022,90.4,98.02,16.74,2.49,0.55,-6.7,NonBig4,Manufacturing,0
C1156,2018,172.19,149.94,-12.67,2.51,2.73,14.35,Big4,Construction,1
C1157,2021,133.28,91.45,21.62,3.06,3.38,-6.39,NonBig4,Construction,1
C1158,2021,127.48,87.7,13.43,2.15,0.57,15.01,Big4,IT,0
C1159,2023,134.89,44.83,10.55,0.97,2.98,9.69,NonBig4,Retail,0
C1160,2024,167.68,130.98,23.2,0.35,3.29,31.43,NonBig4,Construction,0
C1161,2022,81.03,96.77,-13.17,2.12,1.02,28.31,Big4,Transport,1
C1162,2020,226.81,263.74,9.73,0.23,1.98,44.52,Big4,Retail,0
C1163,2020,220.88,74.3,-9.18,0.84,3.27,15.43,NonBig4,Transport,0
C1164,2020,186.98,174.87,29.41,0.21,3.37,17.89,Big4,IT,0
C1165,2023,207.25,118.46,7.45,1.92,0.71,31.4,Big4,Services,1
C1166,2020,177.3,197.28,-16.07,0.56,1.42,31.07,NonBig4,Transport,1
C1167,2019,503.23,171.4,37.42,2.14,2.53,43.44,NonBig4,Transport,0
C1168,2020,140.86,160.9,-23.84,2.77,1.01,-0.94,NonBig4,Retail,1
C1169,2018,123.44,130.07,6.99,2.88,1.34,12.84,NonBig4,Transport,1
C1170,2018,94.43,38.32,4.77,1.08,0.37,7.35,NonBig4,Manufacturing,1
C1171,2018,79.89,28.27,-4.91,1.92,0.79,-0.53,NonBig4,Manufacturing,0
C1172,2023,70.34,73.94,5.1,1.97,2.1,-1.14,NonBig4,Manufacturing,0
C1173,2023,87.07,38.33,6.41,1.66,2.39,11.16,NonBig4,Services,0
C1174,2022,142.25,111.16,-18.85,2.29,2.38,8.21,Big4,Transport,0
C1175,2021,181.38,203.9,6.22,0.74,2.79,-5.56,Big4,Construction,0
C1176,2023,153.04,124.07,-10.38,3.43,1.63,4.04,NonBig4,Construction,0
C1177,2019,93.75,61.64,6.06,0.34,1.18,3.63,Big4,Manufacturing,0
C1178,2024,254.71,178.43,-26.16,2.9,0.35,26.63,NonBig4,Construction,1
C1179,2021,231.28,82.52,18.29,2.08,0.96,22.21,Big4,Services,1
C1180,2024,134.86,158.04,32.02,0.86,1.3,46.56,NonBig4,Services,0
C1181,2019,100.31,58.14,-6.76,2.61,0.87,9.34,Big4,Retail,1
C1182,2021,206.24,97.02,-5.29,0.3,0.36,17.46,NonBig4,Retail,0
C1183,2022,166.13,92.61,5.97,2.71,0.8,2.66,NonBig4,Transport,1
C1184,2021,62.25,72.7,8.95,2.06,2.43,17.66,NonBig4,Construction,0
C1185,2021,142.48,54.83,-0.04,0.39,2.31,-0.71,Big4,Services,0
C1186,2019,173.68,187.67,-24.33,0.28,3.29,-10.78,Big4,Manufacturing,0
C1187,2020,86.5,81.06,-12.41,2.63,2.85,23.45,NonBig4,IT,1
C1188,2019,166.32,174.14,43.52,1.03,2.12,42.78,Big4,Services,0
C1189,2020,62.0,73.06,0.36,3.11,0.74,1.57,NonBig4,Services,0
C1190,2022,330.87,350.04,67.43,2.67,2.11,59.53,Big4,IT,1
C1191,2022,313.8,360.57,6.15,2.44,0.5,31.3,Big4,Manufacturing,0
C1192,2022,127.55,52.84,11.36,0.98,1.68,1.55,NonBig4,Construction,0
C1193,2020,184.58,187.57,-30.11,2.48,1.55,2.76,NonBig4,Transport,0
C1194,2024,34.95,27.65,-4.11,3.32,1.67,-1.26,Big4,Services,1
C1195,2018,74.16,58.52,12.78,0.32,1.2,7.01,NonBig4,Manufacturing,0
C1196,2020,124.43,138.0,31.24,1.14,2.49,10.85,Big4,Retail,0
C1197,2018,78.0,91.62,-5.35,0.82,2.99,9.61,NonBig4,Manufacturing,1
C1198,2020,227.84,212.88,-8.55,1.38,2.76,-2.95,NonBig4,Construction,1
C1199,2024,491.95,361.41,1.3,2.6,2.31,99.55,NonBig4,Services,0
C1200,2020,73.26,52.07,-0.66,1.66,2.02,8.09,NonBig4,Manufacturing,0
C1201,2024,89.79,58.16,-6.66,2.0,0.4,15.11,Big4,IT,1
C1202,2021,170.93,106.91,21.84,1.1,2.61,-6.02,NonBig4,Retail,0
C1203,2022,390.2,254.55,-21.89,0.49,2.04,37.96,NonBig4,Services,1
C1204,2021,71.28,27.14,3.19,0.93,1.17,6.51,NonBig4,Transport,0
C1205,2019,172.33,63.71,-10.82,3.01,1.35,2.06,NonBig4,Manufacturing,1
C1206,2023,442.65,443.48,-80.96,2.11,3.29,-9.73,NonBig4,Retail,0
C1207,2024,55.09,38.64,3.64,1.32,2.3,0.23,NonBig4,Retail,0
C1208,2019,68.81,78.28,-3.71,2.76,1.82,0.72,NonBig4,Construction,0
C1209,2023,115.1,97.95,9.3,0.23,2.29,7.73,NonBig4,Retail,0
C1210,2019,108.6,36.02,-5.68,0.89,1.62,1.09,NonBig4,Transport,0
C1211,2023,241.67,106.76,24.28,0.81,1.8,0.91,NonBig4,Manufacturing,0
C1212,2023,171.57,83.25,11.39,3.45,1.23,13.27,NonBig4,Transport,1
C1213,2021,51.16,60.27,11.71,2.47,1.71,-4.75,Big4,Construction,0
C1214,2023,202.2,100.46,-13.92,2.16,2.49,3.63,NonBig4,Manufacturing,1
C1215,2019,104.95,80.2,-4.49,0.02,0.43,14.11,Big4,Manufacturing,1
C1216,2018,318.83,364.28,-12.47,0.65,2.84,-10.8,NonBig4,Manufacturing,1
C1217,2018,101.84,120.12,5.01,2.22,1.21,-1.4,Big4,Retail,0
C1218,2021,101.29,51.93,-3.45,1.33,2.48,-1.02,Big4,Retail,0
C1219,2024,205.34,70.68,-12.21,3.23,2.36,-7.04,NonBig4,Construction,0
C1220,2018,234.57,102.8,-3.5,2.68,2.39,9.2,NonBig4,Retail,0
C1221,2021,194.19,69.32,-5.92,1.57,2.25,-5.85,NonBig4,IT,1
C1222,2022,53.98,25.67,-0.68,2.62,3.37,0.24,NonBig4,Retail,1
C1223,2019,204.96,166.37,-18.53,3.41,1.93,49.57,Big4,Retail,0
C1224,2023,79.79,89.46,-7.35,1.61,2.64,23.92,NonBig4,Retail,0
C1225,2020,170.91,133.91,11.0,2.25,2.56,-1.87,NonBig4,Retail,0
C1226,2023,63.17,54.54,-1.38,3.22,1.06,1.31,NonBig4,Transport,0
C1227,2022,193.99,93.44,-4.17,0.87,1.21,7.99,NonBig4,Retail,0
C1228,2021,91.47,93.35,3.76,3.1,1.66,22.2,Big4,Retail,0
C1229,2019,68.75,58.85,8.67,0.34,1.19,13.01,NonBig4,Transport,0
C1230,2021,227.76,245.46,-7.24,2.27,1.47,-12.15,NonBig4,Construction,1
C1231,2023,171.57,197.98,12.75,2.74,1.55,-9.94,Big4,Retail,0
C1232,2018,102.68,62.95,14.78,2.15,2.23,4.2,NonBig4,Transport,0
C1233,2023,354.5,135.25,4.72,1.73,1.0,33.55,NonBig4,Retail,0
C1234,2021,113.93,57.35,12.01,2.16,2.87,14.5,Big4,Manufacturing,0
C1235,2023,151.3,105.01,16.5,0.53,1.7,-5.99,NonBig4,Services,0
C1236,2022,174.4,200.76,-34.85,0.75,2.56,26.04,Big4,IT,1
C1237,2021,102.33,65.54,-0.45,0.94,0.56,-2.47,Big4,Retail,1
C1238,2020,196.9,195.66,22.35,2.09,1.8,34.13,NonBig4,IT,0
C1239,2022,107.76,84.75,20.68,1.55,0.39,22.59,Big4,Manufacturing,0
C1240,2018,115.93,53.85,0.34,0.86,2.46,4.41,Big4,IT,1
C1241,2022,336.16,197.88,-31.31,3.09,1.4,-13.21,NonBig4,Manufacturing,0
C1242,2018,79.49,70.58,3.73,1.31,3.34,9.3,Big4,Services,0
C1243,2022,34.89,31.6,-4.52,1.56,1.34,2.0,NonBig4,Construction,1
C1244,2022,390.16,269.71,37.27,1.43,2.1,60.51,NonBig4,Retail,0
C1245,2018,685.12,346.52,9.86,0.64,1.12,12.52,Big4,Construction,0
C1246,2023,116.38,110.53,13.88,2.56,2.28,27.63,NonBig4,IT,0
C1247,2020,46.43,20.99,4.01,1.57,1.79,0.2,Big4,Construction,0
C1248,2023,123.19,140.81,11.69,0.06,1.49,-5.21,NonBig4,Services,1
C1249,2018,124.99,58.63,4.43,3.37,0.95,1.32,Big4,IT,0
C1250,2019,132.43,52.52,7.33,2.86,0.66,-4.52,NonBig4,IT,1
C1251,2021,76.09,56.91,10.19,2.53,0.68,0.71,Big4,Retail,0
C1252,2019,210.13,161.29,30.82,3.04,3.5,26.46,NonBig4,IT,0
C1253,2020,203.3,153.97,-28.27,3.17,1.62,-6.63,Big4,Transport,1
C1254,2022,60.54,41.95,2.11,1.18,0.31,-2.33,Big4,IT,0
C1255,2019,225.77,269.87,-27.71,2.14,3.35,-12.7,NonBig4,IT,1
C1256,2022,508.57,375.15,70.21,2.13,0.36,-25.88,NonBig4,IT,0
C1257,2018,164.54,120.14,11.03,0.94,1.64,30.02,NonBig4,IT,0
C1258,2019,121.22,82.38,-0.9,0.78,2.6,22.87,Big4,Retail,0
C1259,2022,136.29,49.08,-5.66,0.4,3.23,-3.99,Big4,IT,0
C1260,2023,214.68,178.97,-8.49,2.31,2.58,36.52,NonBig4,Retail,0
C1261,2019,52.54,26.54,3.1,2.73,1.78,5.17,NonBig4,Services,0
C1262,2020,163.8,143.14,-15.46,2.66,3.42,42.77,NonBig4,Transport,1
C1263,2024,117.42,40.6,-6.41,1.11,0.43,1.59,NonBig4,Retail,0
C1264,2024,449.75,532.17,106.23,0.72,3.46,7.56,NonBig4,Transport,0
C1265,2022,133.69,96.54,13.89,1.59,3.02,7.84,Big4,Services,1
C1266,2021,403.72,446.95,-49.21,1.91,3.27,108.44,NonBig4,Retail,1
C1267,2020,76.54,55.72,-3.81,3.22,1.12,10.67,NonBig4,Manufacturing,1
C1268,2022,211.1,74.79,17.76,3.06,0.76,6.63,Big4,Construction,0
C1269,2022,179.76,186.95,22.19,3.21,2.42,-0.41,NonBig4,Services,0
C1270,2020,88.11,77.83,5.82,2.98,1.95,14.85,Big4,Construction,0
C1271,2018,165.08,165.67,-10.2,3.38,1.97,40.06,Big4,Manufacturing,1
C1272,2019,307.2,210.54,-13.77,1.63,3.26,12.63,NonBig4,Retail,0
C1273,2024,122.21,106.83,-19.47,0.17,2.28,17.89,Big4,Manufacturing,0
C1274,2020,53.78,57.58,7.36,0.29,1.3,3.46,NonBig4,Retail,0
C1275,2021,146.86,127.47,-23.02,1.37,1.58,11.65,Big4,Transport,0
C1276,2021,86.36,52.93,-10.47,0.9,0.73,5.82,Big4,Manufacturing,0
C1277,2023,120.86,108.32,13.89,0.59,0.92,22.78,Big4,IT,1
C1278,2018,141.32,127.85,29.02,3.34,0.76,37.2,Big4,Manufacturing,0
C1279,2018,53.34,62.12,8.72,0.68,2.89,4.83,NonBig4,Construction,0
C1280,2019,56.29,35.68,0.44,3.36,2.56,1.32,Big4,Transport,1
C1281,2021,198.19,135.28,2.53,2.66,2.0,6.69,NonBig4,Services,0
C1282,2022,108.46,111.81,-0.42,2.24,1.5,-5.19,NonBig4,Retail,0
C1283,2021,31.85,24.05,-1.3,2.37,2.44,0.45,NonBig4,Construction,0
C1284,2021,237.68,228.87,7.96,1.16,2.9,-14.97,Big4,Retail,0
C1285,2024,174.76,124.73,-0.75,2.26,3.12,8.88,NonBig4,Transport,0
C1286,2019,96.71,47.77,3.3,0.65,2.05,-1.58,NonBig4,Transport,0
C1287,2022,67.35,65.38,13.35,3.28,2.92,2.52,NonBig4,Construction,0
C1288,2021,245.06,102.44,25.38,1.06,1.94,22.27,Big4,Construction,0
C1289,2021,183.02,87.62,-14.42,0.89,1.82,-0.14,NonBig4,Construction,0
C1290,2023,619.9,535.68,-14.41,2.49,3.07,77.54,NonBig4,IT,1
C1291,2019,190.97,185.73,-22.04,2.3,1.54,48.38,Big4,Services,0
C1292,2024,187.28,206.99,-8.6,1.58,1.57,26.24,Big4,Transport,0
C1293,2020,134.27,73.22,-5.17,2.21,1.28,-1.65,NonBig4,Services,0
C1294,2021,242.27,96.82,-11.76,0.56,1.96,3.67,Big4,Manufacturing,0
C1295,2021,215.95,250.6,36.04,2.36,2.04,34.12,Big4,IT,0
C1296,2023,314.52,138.07,3.22,0.95,2.41,14.17,Big4,Construction,0
C1297,2021,108.55,51.88,11.08,0.95,1.68,-2.1,NonBig4,Transport,1
C1298,2019,114.29,64.25,-11.91,0.57,1.0,5.06,NonBig4,Services,1
C1299,2018,111.33,86.44,-14.68,1.16,3.07,10.13,Big4,Services,0
C1300,2020,238.53,261.08,-4.84,1.16,1.41,1.81,NonBig4,Construction,0
C1301,2023,364.68,359.02,-58.83,1.59,3.25,52.05,NonBig4,Services,1
C1302,2018,112.7,105.64,-8.64,0.67,0.96,-7.6,Big4,IT,1
C1303,2024,115.02,52.64,12.83,0.68,2.09,1.82,NonBig4,Services,0
C1304,2021,179.19,111.44,-11.81,1.9,2.02,24.71,Big4,IT,0
C1305,2018,128.07,93.56,-10.37,0.45,2.95,0.35,Big4,Services,0
C1306,2020,262.76,113.69,6.61,2.41,0.74,16.15,NonBig4,Retail,0
C1307,2021,38.43,20.99,0.51,3.3,3.21,1.34,NonBig4,Transport,1
C1308,2020,90.38,52.19,3.19,1.49,2.0,1.39,Big4,Construction,0
C1309,2018,92.81,38.47,-1.17,3.15,2.18,10.25,NonBig4,IT,1
C1310,2022,36.88,29.33,5.05,0.34,1.93,1.09,NonBig4,Construction,0
C1311,2022,83.25,77.8,-10.71,0.15,0.42,-0.41,Big4,Services,1
C1312,2018,85.7,31.1,-0.22,2.52,1.89,8.2,NonBig4,Transport,1
C1313,2019,131.54,96.42,10.64,2.66,1.14,19.13,NonBig4,Services,0
C1314,2019,289.39,290.54,55.41,2.95,1.4,50.18,Big4,Transport,0
C1315,2022,128.12,124.69,-4.2,0.2,2.38,-10.0,NonBig4,Services,0
C1316,2023,79.96,82.64,4.59,2.72,1.89,-3.93,NonBig4,Manufacturing,1
C1317,2023,143.43,100.89,-17.04,1.32,0.6,15.67,Big4,Manufacturing,1
C1318,2024,278.52,289.24,-35.68,1.06,0.53,-4.69,NonBig4,Transport,0
C1319,2023,82.63,42.69,-7.21,0.61,0.89,-0.42,NonBig4,Construction,1
C1320,2020,85.94,53.69,6.85,3.49,0.91,11.36,NonBig4,Services,0
C1321,2018,207.5,95.18,-6.7,0.22,2.25,1.37,NonBig4,IT,0
C1322,2022,129.94,93.65,11.77,2.89,0.87,-6.68,NonBig4,Construction,1
C1323,2024,218.87,142.89,-24.31,2.24,3.12,-12.21,Big4,Construction,1
C1324,2024,147.2,76.08,14.31,2.57,0.97,5.88,NonBig4,IT,0
C1325,2019,226.1,220.81,38.86,2.49,0.59,32.43,NonBig4,Retail,1
C1326,2019,79.75,46.45,-7.43,3.0,3.1,11.5,NonBig4,Manufacturing,1
C1327,2018,147.34,80.38,-15.22,0.64,1.25,-4.48,NonBig4,IT,1
C1328,2018,130.79,54.64,-9.54,0.0,1.66,-1.17,Big4,Manufacturing,0
C1329,2021,71.55,49.72,9.16,2.09,3.37,5.56,Big4,IT,0
C1330,2021,58.09,33.27,-3.14,1.24,3.32,1.52,NonBig4,Manufacturing,0
C1331,2020,223.96,141.62,6.62,0.43,2.59,13.17,Big4,Retail,0
C1332,2020,120.23,61.61,-0.5,0.65,0.52,16.61,NonBig4,IT,0
C1333,2023,80.37,79.31,12.53,1.16,2.2,9.36,NonBig4,Construction,0
C1334,2021,140.09,159.28,3.19,0.25,3.47,10.52,Big4,IT,0
C1335,2023,292.02,218.47,5.53,0.2,3.33,64.62,Big4,Construction,0
C1336,2024,37.77,33.19,8.13,3.21,0.64,-2.45,NonBig4,Manufacturing,0
C1337,2020,60.46,65.32,-8.65,1.09,1.57,17.82,Big4,Transport,0
C1338,2019,85.31,102.28,17.78,3.44,1.31,10.3,NonBig4,Retail,0
C1339,2024,356.63,303.91,-53.7,3.38,0.72,30.85,NonBig4,Manufacturing,1
C1340,2022,175.84,193.56,2.89,0.5,2.52,52.03,Big4,Transport,0
C1341,2020,235.19,262.88,52.27,2.5,1.18,27.06,Big4,Retail,0
C1342,2022,74.88,75.8,7.53,2.1,1.4,5.71,NonBig4,Construction,0
C1343,2021,75.81,54.19,5.87,2.42,0.59,0.49,Big4,Services,0
C1344,2024,194.16,72.43,-5.9,0.34,1.89,11.84,NonBig4,IT,1
C1345,2019,153.69,48.29,-0.56,0.66,0.81,6.17,Big4,Manufacturing,0
C1346,2024,206.28,150.48,-5.27,0.27,1.68,-2.15,Big4,Manufacturing,0
C1347,2024,132.61,98.78,3.42,2.11,0.76,18.15,NonBig4,Services,0
C1348,2019,175.37,116.91,0.94,3.45,3.35,18.43,Big4,Services,0
C1349,2019,163.18,132.4,-7.0,2.35,0.76,7.8,Big4,IT,0
C1350,2021,236.67,188.61,-11.79,2.49,1.97,-18.53,NonBig4,Construction,1
C1351,2018,240.86,253.61,-22.09,3.45,0.93,19.94,NonBig4,Manufacturing,1
C1352,2020,56.15,22.34,-0.8,2.37,0.54,-2.18,Big4,Transport,1
C1353,2021,38.54,19.37,-2.57,0.14,0.95,-1.36,Big4,Services,0
C1354,2024,270.71,274.42,52.81,3.03,0.48,19.83,NonBig4,Transport,0
C1355,2024,302.67,321.75,22.83,1.28,0.75,-21.63,NonBig4,Transport,1
C1356,2019,80.45,96.17,-13.44,0.02,1.88,0.99,NonBig4,Manufacturing,1
C1357,2024,48.62,52.78,5.92,1.78,2.39,8.56,NonBig4,Construction,0
C1358,2018,157.5,173.39,31.46,3.28,0.58,4.07,NonBig4,Services,1
C1359,2023,259.43,151.23,-14.08,0.9,1.71,45.23,NonBig4,Services,0
C1360,2023,436.4,288.68,-38.17,1.72,2.16,76.94,Big4,Retail,1
C1361,2024,202.31,109.51,-21.48,0.61,1.05,14.69,NonBig4,Construction,0
C1362,2019,118.74,100.41,-17.95,0.2,1.49,28.8,NonBig4,Services,0
C1363,2024,86.84,99.43,14.22,0.28,0.53,24.58,NonBig4,Retail,0
C1364,2018,149.44,91.18,22.27,2.54,1.0,2.51,NonBig4,Retail,1
C1365,2021,124.02,99.38,-17.87,3.02,1.79,19.86,Big4,Manufacturing,0
C1366,2021,80.72,45.74,6.25,0.5,3.47,-2.07,NonBig4,Transport,0
C1367,2020,507.38,229.75,-38.52,1.01,3.49,39.94,NonBig4,IT,0
C1368,2018,433.16,206.04,13.69,0.68,3.43,19.87,NonBig4,Services,0
C1369,2023,293.43,103.33,14.49,0.09,1.65,-9.64,NonBig4,Services,0
C1370,2020,85.41,98.59,-3.78,1.94,0.56,0.96,NonBig4,Manufacturing,0
C1371,2022,247.9,164.26,-32.04,2.45,1.34,46.35,Big4,Retail,0
C1372,2020,217.84,228.89,15.53,2.27,1.06,6.03,NonBig4,Transport,0
C1373,2020,193.55,176.75,43.49,1.36,0.35,-4.85,NonBig4,Manufacturing,0
C1374,2024,314.13,148.5,-12.48,1.94,0.6,-3.71,NonBig4,Manufacturing,1
C1375,2018,217.29,99.5,-11.42,0.33,1.75,9.12,NonBig4,Transport,0
C1376,2023,231.37,238.49,-34.4,0.54,1.39,56.54,NonBig4,Construction,0
C1377,2023,217.49,117.06,5.84,3.26,0.88,23.79,NonBig4,Manufacturing,0
C1378,2020,182.09,204.3,13.97,2.67,2.59,15.27,NonBig4,Services,0
C1379,2019,50.9,21.69,3.39,3.23,1.44,-0.36,Big4,IT,0
C1380,2018,156.05,142.0,19.72,3.21,3.03,-11.58,NonBig4,Services,0
C1381,2024,106.3,109.81,22.14,2.27,1.07,9.34,NonBig4,Services,0
C1382,2024,68.86,35.24,5.73,3.25,2.02,7.96,NonBig4,Construction,0
C1383,2019,407.11,223.34,-19.82,1.46,0.89,42.85,NonBig4,Construction,0
C1384,2018,418.8,489.19,24.53,0.01,1.88,31.03,Big4,Transport,0
C1385,2018,335.47,180.53,-11.94,0.22,0.79,24.89,NonBig4,Retail,1
C1386,2018,172.97,118.82,-6.13,0.38,0.82,8.85,NonBig4,Retail,1
C1387,2023,333.74,230.03,50.46,0.33,2.26,30.27,NonBig4,Manufacturing,0
C1388,2024,149.49,78.89,8.43,1.23,1.14,8.44,Big4,Construction,0
C1389,2019,167.62,167.32,39.92,2.45,0.85,28.84,NonBig4,Construction,0
C1390,2023,77.01,76.6,-0.95,2.77,3.28,7.9,Big4,Services,0
C1391,2019,188.33,120.62,5.05,2.07,0.44,33.32,NonBig4,IT,0
C1392,2020,153.89,161.83,3.11,0.51,2.11,11.52,NonBig4,Services,0
C1393,2022,67.93,33.41,-5.07,2.62,2.05,-3.13,Big4,Retail,0
C1394,2023,143.92,43.73,-4.09,1.24,1.1,-0.24,NonBig4,Construction,1
C1395,2024,141.48,115.17,4.31,0.05,1.75,11.54,NonBig4,Services,0
C1396,2018,436.39,521.34,-88.46,0.98,0.58,60.59,NonBig4,Services,0
C1397,2019,253.8,84.97,18.62,1.16,2.61,10.28,Big4,Services,0
C1398,2019,149.44,72.81,-10.5,0.96,1.01,13.53,NonBig4,Transport,0
C1399,2020,172.31,132.17,-14.66,2.84,0.92,1.3,Big4,Retail,0
C1400,2024,152.4,156.81,22.64,2.66,1.31,26.02,NonBig4,Retail,1
C1401,2023,131.4,49.95,-7.81,2.43,3.19,9.07,NonBig4,Construction,1
C1402,2020,77.52,50.83,10.43,0.49,2.85,3.28,Big4,Manufacturing,0
C1403,2024,135.55,131.8,16.68,2.83,3.33,8.02,NonBig4,Manufacturing,1
C1404,2021,94.85,60.17,-10.18,2.37,2.39,-1.71,NonBig4,Construction,0
C1405,2021,70.09,32.94,3.67,0.68,2.42,2.16,NonBig4,Construction,0
C1406,2021,201.69,95.99,8.09,2.27,1.84,20.61,Big4,Construction,1
C1407,2019,187.68,125.57,17.68,1.69,3.2,33.1,Big4,Manufacturing,0
C1408,2024,50.8,37.16,6.42,1.54,1.93,5.11,NonBig4,Transport,0
C1409,2018,137.88,148.31,18.28,0.39,1.44,2.93,Big4,Services,0
C1410,2019,269.73,236.83,15.1,1.81,2.35,40.95,NonBig4,Manufacturing,0
C1411,2019,280.21,258.17,-14.17,0.35,2.05,50.62,Big4,Retail,0
C1412,2019,274.65,325.37,37.02,0.57,0.7,10.7,Big4,Retail,1
C1413,2018,151.92,101.89,23.5,0.46,1.56,23.5,NonBig4,Services,1
C1414,2018,89.39,59.27,3.82,3.34,1.3,-4.18,Big4,Services,0
C1415,2022,77.46,87.61,8.67,1.0,3.01,-8.38,NonBig4,Services,0
C1416,2024,182.5,95.14,-0.31,1.24,1.51,-4.83,Big4,Services,0
C1417,2018,186.34,178.3,25.01,1.13,2.93,-6.7,NonBig4,Transport,0
C1418,2020,321.31,314.6,78.32,3.14,1.72,79.14,NonBig4,Transport,1
C1419,2021,287.15,111.42,-14.24,1.97,2.71,7.8,NonBig4,Services,0
C1420,2024,137.09,98.9,-10.77,3.22,0.73,0.99,NonBig4,Transport,1
C1421,2022,70.35,33.8,1.44,1.05,3.26,2.42,NonBig4,IT,0
C1422,2023,122.55,57.21,0.95,0.4,1.84,3.31,NonBig4,IT,0
C1423,2022,169.07,121.3,6.94,1.95,1.13,2.5,Big4,Retail,0
C1424,2020,131.47,73.69,-13.11,1.21,1.07,-3.3,NonBig4,Services,1
C1425,2019,104.93,106.66,-1.93,2.81,1.15,17.32,Big4,Services,1
C1426,2024,172.73,192.91,12.03,3.08,1.47,-8.75,NonBig4,Manufacturing,1
C1427,2023,109.69,112.15,7.1,1.65,2.6,23.57,Big4,Manufacturing,0
C1428,2018,101.82,54.92,5.26,3.4,3.34,-1.06,NonBig4,Construction,0
C1429,2023,178.91,97.81,12.14,1.94,2.44,18.83,NonBig4,Services,0
C1430,2018,116.61,61.72,5.47,0.95,2.05,13.72,NonBig4,IT,0
C1431,2023,171.82,72.43,11.27,1.71,1.74,-3.61,NonBig4,IT,1
C1432,2023,174.85,200.98,16.31,0.13,2.95,-13.12,Big4,Manufacturing,1
C1433,2018,74.91,49.58,2.08,2.81,3.02,13.87,Big4,Transport,0
C1434,2021,111.19,55.84,4.06,0.36,1.24,4.76,NonBig4,Services,0
C1435,2018,351.66,373.46,-57.69,1.08,3.35,56.8,NonBig4,Construction,0
C1436,2021,73.9,48.72,-3.76,1.98,1.56,-4.42,Big4,Transport,1
C1437,2024,41.68,13.82,0.52,0.15,2.86,0.16,NonBig4,Construction,0
C1438,2018,48.56,21.65,4.18,0.28,3.39,2.21,NonBig4,Manufacturing,0
C1439,2020,151.03,132.2,13.96,2.44,2.55,33.64,Big4,Retail,0
C1440,2024,151.19,151.89,-24.2,0.25,0.82,1.3,NonBig4,Services,0
C1441,2020,138.3,67.75,4.51,1.67,2.18,14.23,Big4,Manufacturing,0
C1442,2018,307.51,346.15,-34.69,1.19,0.68,57.08,Big4,Retail,1
C1443,2021,29.85,31.82,4.15,0.8,2.83,-1.71,NonBig4,IT,0
C1444,2021,188.21,200.17,34.5,0.66,1.2,3.47,Big4,Manufacturing,0
C1445,2022,378.74,191.22,12.82,2.67,2.52,-0.93,NonBig4,Retail,0
C1446,2020,75.44,26.06,1.72,3.33,3.21,2.01,NonBig4,Construction,0
C1447,2024,118.17,127.7,-6.08,0.49,0.88,19.68,NonBig4,Manufacturing,0
C1448,2021,94.47,54.34,0.04,3.36,1.56,3.99,NonBig4,Retail,0
C1449,2020,86.78,74.37,14.04,2.08,2.37,-0.16,NonBig4,Transport,1
C1450,2024,122.03,120.07,15.07,2.25,1.64,21.41,NonBig4,Construction,0
C1451,2024,349.5,145.2,4.92,2.48,0.86,19.43,NonBig4,Transport,0
C1452,2021,446.94,448.17,-15.37,2.46,0.39,48.28,NonBig4,Services,0
C1453,2018,121.32,138.87,-24.63,2.87,1.6,16.91,NonBig4,Construction,0
C1454,2022,465.46,444.76,-60.33,1.69,2.38,-5.0,Big4,Retail,1
C1455,2021,151.62,105.69,-11.96,1.87,2.14,18.2,NonBig4,Services,0
C1456,2019,425.05,462.88,-14.8,1.13,0.8,25.46,NonBig4,Retail,0
C1457,2022,140.33,108.72,24.45,0.37,1.74,4.93,NonBig4,IT,0
C1458,2023,160.55,155.78,4.26,2.33,1.48,-6.25,NonBig4,Retail,0
C1459,2018,184.8,191.91,-18.1,0.12,1.18,26.62,NonBig4,Retail,0
C1460,2023,999.56,973.99,-148.45,0.96,2.63,137.4,Big4,Services,0
C1461,2018,247.34,138.28,-6.6,0.33,1.29,4.99,NonBig4,Services,0
C1462,2023,97.09,39.42,6.59,0.67,2.03,9.62,NonBig4,Retail,1
C1463,2020,265.44,136.57,-3.76,2.24,3.25,32.53,Big4,Services,0
C1464,2018,119.45,89.9,13.27,2.2,2.03,-5.07,Big4,Retail,0
C1465,2024,110.63,83.5,13.46,1.47,2.27,14.86,Big4,Transport,0
C1466,2019,256.0,211.04,-31.68,0.32,0.53,12.14,NonBig4,Construction,1
C1467,2022,151.21,99.13,7.33,1.52,0.87,29.73,NonBig4,Transport,0
C1468,2019,175.41,176.85,40.96,1.23,0.62,-1.77,NonBig4,Transport,1
C1469,2024,149.66,167.89,-3.2,2.52,2.75,2.05,Big4,Construction,1
C1470,2023,181.63,94.82,-16.79,2.03,2.97,7.29,NonBig4,IT,0
C1471,2023,191.52,184.41,39.74,1.72,0.9,1.38,NonBig4,Manufacturing,0
C1472,2021,46.42,42.25,8.35,1.7,1.0,7.47,NonBig4,Transport,0
C1473,2021,221.39,170.64,5.97,3.38,1.33,15.76,Big4,Services,0
C1474,2022,82.33,38.67,1.88,2.65,2.19,-0.45,Big4,IT,1
C1475,2023,62.47,63.45,-6.64,1.74,2.29,6.51,NonBig4,Retail,0
C1476,2023,143.3,166.88,28.16,1.68,2.5,42.64,NonBig4,Manufacturing,0
C1477,2018,156.08,148.22,3.61,0.09,3.2,32.16,Big4,Transport,0
C1478,2022,97.9,110.24,-20.37,3.3,1.24,10.97,NonBig4,Services,1
C1479,2018,244.35,289.74,31.11,1.12,2.41,4.46,Big4,Manufacturing,0
C1480,2020,66.33,40.92,9.32,0.9,2.09,-1.15,Big4,Construction,0
C1481,2023,116.26,101.66,17.6,3.5,1.28,25.55,NonBig4,Manufacturing,0
C1482,2019,104.49,75.92,-5.71,2.52,3.2,13.97,NonBig4,Services,0
C1483,2023,144.32,171.45,-30.18,0.17,0.61,22.09,NonBig4,IT,0
C1484,2021,175.44,67.44,15.05,0.22,2.58,16.98,NonBig4,IT,0
C1485,2019,81.07,54.41,12.06,0.09,2.63,-2.79,NonBig4,Services,0
C1486,2020,229.19,249.36,9.87,2.1,3.23,43.14,Big4,Services,0
C1487,2021,154.13,85.64,7.63,0.25,1.96,-1.14,NonBig4,Transport,0
C1488,2023,47.7,48.13,0.39,3.27,1.33,-2.49,NonBig4,Retail,0
C1489,2022,45.83,29.54,-0.33,3.28,2.95,2.55,NonBig4,Manufacturing,0
C1490,2024,147.32,174.13,-25.47,1.91,2.77,9.57,NonBig4,Manufacturing,0
C1491,2024,129.99,142.36,-22.27,2.16,1.9,39.36,NonBig4,IT,1
C1492,2023,139.48,79.67,-7.59,1.02,2.76,2.36,Big4,Services,1
C1493,2022,145.94,144.94,25.58,0.22,1.16,32.75,Big4,Manufacturing,1
C1494,2020,169.92,102.49,-13.77,2.58,2.19,20.45,NonBig4,Retail,0
C1495,2020,262.06,221.63,-21.72,0.36,3.07,37.05,NonBig4,Manufacturing,0
C1496,2018,76.2,68.02,3.19,0.3,1.32,18.24,Big4,IT,0
C1497,2020,73.47,76.9,-7.94,1.09,1.85,4.86,Big4,Services,0
C1498,2024,77.02,24.8,-3.14,0.04,3.34,1.39,NonBig4,Manufacturing,1
C1499,2020,176.51,87.93,4.7,1.52,2.85,-3.13,Big4,Retail,0
C1500,2018,313.24,294.67,-10.12,2.48,3.14,3.04,Big4,Construction,1
C1501,2022,114.57,92.48,7.56,2.8,1.53,23.3,NonBig4,Construction,0
C1502,2024,33.08,24.68,5.19,2.12,3.49,2.22,NonBig4,IT,0
C1503,2024,53.39,18.67,-2.47,2.96,0.79,0.68,NonBig4,Manufacturing,1
C1504,2019,90.03,55.23,11.66,1.42,1.96,-0.75,NonBig4,Manufacturing,1
C1505,2021,106.2,114.55,23.61,2.97,1.83,10.77,Big4,Manufacturing,0
C1506,2021,116.16,38.08,6.59,1.77,2.85,7.11,NonBig4,Services,0
C1507,2019,151.89,99.76,8.39,0.78,3.21,1.46,Big4,IT,0
C1508,2019,123.09,141.63,11.2,3.3,2.64,28.76,Big4,Construction,0
C1509,2019,278.55,96.32,8.44,0.96,2.31,14.63,NonBig4,Retail,0
C1510,2024,98.93,96.43,10.68,0.09,1.67,20.73,NonBig4,Construction,0
C1511,2023,88.47,47.05,-9.06,0.85,1.93,0.02,NonBig4,Construction,1
C1512,2023,197.81,213.62,49.38,1.28,1.93,32.56,Big4,Retail,0
C1513,2023,59.06,57.37,3.64,1.23,0.37,-2.21,NonBig4,IT,1
C1514,2024,187.51,205.72,31.2,1.84,1.91,9.36,NonBig4,Services,0
C1515,2018,157.83,78.02,-2.36,3.09,3.04,14.8,NonBig4,Manufacturing,0
C1516,2024,135.85,105.71,-20.55,1.02,2.57,16.14,NonBig4,Services,1
C1517,2018,384.89,385.41,11.32,1.82,2.85,-9.58,NonBig4,IT,0
C1518,2021,102.17,53.24,1.5,1.19,1.55,12.96,NonBig4,IT,0
C1519,2022,510.9,259.37,-0.87,2.88,1.99,-20.4,NonBig4,Retail,1
C1520,2020,129.64,42.06,-1.98,0.55,0.41,5.81,NonBig4,IT,0
C1521,2019,68.98,80.2,-7.02,0.36,1.53,23.54,NonBig4,Services,0
C1522,2019,154.77,145.33,5.43,1.76,1.82,16.36,NonBig4,Services,0
C1523,2023,77.81,67.85,-2.11,2.35,1.12,14.95,Big4,Manufacturing,0
C1524,2020,94.53,91.66,21.67,2.78,0.4,12.66,Big4,Transport,0
C1525,2020,188.33,146.61,-17.91,2.06,2.51,31.26,NonBig4,Transport,0
C1526,2024,207.13,150.9,-8.47,2.71,1.69,24.48,NonBig4,Retail,1
C1527,2019,102.18,71.99,-4.88,1.37,1.63,12.7,NonBig4,Construction,0
C1528,2024,268.39,235.22,10.46,0.12,1.1,-2.09,Big4,IT,0
C1529,2024,297.23,143.08,3.53,0.41,2.02,28.15,NonBig4,Construction,0
C1530,2022,351.35,386.22,34.64,0.14,1.7,-1.87,NonBig4,Retail,0
C1531,2019,203.9,210.13,47.8,1.15,1.82,61.41,NonBig4,Transport,0
C1532,2019,336.32,206.7,-14.81,1.73,2.16,-1.84,Big4,Retail,1
C1533,2019,48.02,39.41,4.4,1.25,0.32,-0.21,NonBig4,Services,0
C1534,2022,122.64,52.36,-9.88,1.96,3.2,12.75,Big4,Services,1
C1535,2019,88.22,103.67,-8.49,1.68,0.53,-0.29,NonBig4,Transport,1
C1536,2021,159.42,177.37,1.54,2.37,1.74,7.87,Big4,Construction,0
C1537,2018,105.33,118.99,-22.14,2.33,0.96,22.12,Big4,IT,0
C1538,2021,134.33,80.46,6.27,1.11,1.98,-2.94,Big4,Transport,0
C1539,2018,459.12,207.62,21.85,1.21,1.2,-7.55,NonBig4,Transport,0
C1540,2022,134.04,65.76,8.95,2.05,3.05,6.22,NonBig4,Transport,0
C1541,2018,190.24,72.48,2.35,2.09,1.57,-0.18,NonBig4,Transport,0
C1542,2019,129.11,52.69,3.78,1.1,2.34,-0.3,NonBig4,Transport,0
C1543,2019,155.31,56.56,-1.23,1.16,1.1,-5.45,NonBig4,Transport,1
C1544,2023,148.95,177.38,-32.18,2.43,0.36,8.55,NonBig4,Construction,0
C1545,2018,194.22,71.21,-11.04,2.27,1.59,1.94,NonBig4,Manufacturing,0
C1546,2021,298.62,125.21,11.86,0.47,2.02,-10.96,NonBig4,Manufacturing,0
C1547,2022,398.79,416.55,103.3,1.54,1.77,61.85,NonBig4,IT,0
C1548,2021,178.71,146.94,-28.34,3.12,3.38,22.14,NonBig4,Retail,1
C1549,2022,211.39,210.75,10.73,0.13,2.56,-15.11,NonBig4,IT,1
C1550,2023,74.4,64.57,8.91,2.99,3.49,1.73,Big4,Transport,1
C1551,2020,140.79,154.02,26.5,0.57,1.24,38.37,NonBig4,Construction,0
C1552,2023,260.91,228.2,10.35,1.78,2.82,30.32,Big4,IT,0
C1553,2020,249.53,192.12,15.17,1.49,2.08,12.45,Big4,Retail,0
C1554,2024,168.51,158.65,18.01,0.04,2.26,13.65,NonBig4,Services,0
C1555,2021,252.61,177.5,33.11,3.2,3.45,-2.96,NonBig4,Transport,0
C1556,2023,199.23,121.82,-17.66,1.59,2.39,27.38,NonBig4,IT,1
C1557,2024,304.96,219.84,47.66,3.34,3.18,58.39,Big4,Retail,0
C1558,2023,176.55,79.93,-15.05,1.0,2.62,21.12,NonBig4,Transport,0
C1559,2023,119.89,121.92,21.49,3.03,0.71,-1.27,NonBig4,Services,1
C1560,2021,181.55,97.06,-16.06,3.23,2.54,2.36,NonBig4,Transport,0
C1561,2018,25.58,11.21,-1.26,1.95,1.85,-0.4,NonBig4,Construction,1
C1562,2021,186.74,97.43,-19.32,0.71,3.24,2.23,Big4,Construction,0
C1563,2019,16.63,17.59,0.01,2.4,2.88,0.58,NonBig4,Manufacturing,0
C1564,2024,52.77,31.51,-1.56,1.92,0.63,4.83,NonBig4,Services,0
C1565,2019,194.62,178.55,-22.37,3.31,0.73,-4.31,NonBig4,IT,0
C1566,2019,197.65,211.64,0.63,1.54,0.52,56.67,NonBig4,Transport,0
C1567,2019,73.89,27.34,-0.52,0.94,1.88,-1.61,NonBig4,Manufacturing,1
C1568,2022,96.81,95.7,13.92,0.48,0.56,-9.31,NonBig4,Manufacturing,0
C1569,2021,337.76,194.85,39.34,2.45,2.62,47.15,NonBig4,IT,0
C1570,2024,111.01,54.95,5.15,3.41,2.07,9.97,Big4,Services,1
C1571,2020,570.07,524.47,-75.53,0.1,2.97,22.1,Big4,Transport,0
C1572,2019,148.24,165.85,-11.12,2.59,1.2,22.92,NonBig4,Manufacturing,0
C1573,2018,189.58,107.21,22.62,3.24,1.96,-1.13,NonBig4,Services,0
C1574,2018,391.55,317.92,-50.89,0.26,0.68,-10.38,NonBig4,Manufacturing,1
C1575,2020,160.55,90.04,-1.52,0.39,3.13,7.96,NonBig4,IT,0
C1576,2024,81.34,64.98,14.56,2.42,0.86,2.68,NonBig4,Transport,0
C1577,2021,138.96,119.46,27.21,2.27,0.63,17.45,NonBig4,Manufacturing,0
C1578,2024,145.28,123.39,-1.85,0.24,0.96,-1.57,NonBig4,Retail,1
C1579,2018,65.44,56.36,5.65,2.92,2.88,9.31,NonBig4,Transport,0
C1580,2018,127.29,53.66,0.3,1.83,0.64,11.09,NonBig4,Manufacturing,0
C1581,2023,95.08,87.87,12.22,3.18,2.27,-2.93,NonBig4,Transport,0
C1582,2018,258.43,234.47,-43.56,3.07,2.69,-19.33,NonBig4,Transport,1
C1583,2018,151.53,138.55,-18.72,2.84,2.7,10.51,NonBig4,Manufacturing,0
C1584,2020,125.25,45.92,3.51,1.81,0.91,9.63,NonBig4,Manufacturing,0
C1585,2024,139.25,97.78,-9.32,0.88,0.5,15.68,NonBig4,IT,1
C1586,2022,169.67,113.36,11.3,1.77,1.74,20.49,Big4,Manufacturing,0
C1587,2018,214.88,81.23,-3.41,0.35,0.95,4.97,NonBig4,Construction,1
C1588,2023,81.46,40.74,8.11,2.31,2.54,-0.25,NonBig4,Manufacturing,1
C1589,2023,79.44,55.36,9.34,0.47,1.44,6.24,Big4,Construction,0
C1590,2023,287.96,278.92,6.07,1.79,1.74,-5.09,NonBig4,Services,0
C1591,2024,115.88,59.49,8.79,0.19,0.66,11.33,NonBig4,IT,0
C1592,2019,63.43,66.4,-5.18,1.05,2.12,-1.41,NonBig4,Transport,0
C1593,2024,193.7,153.26,3.44,0.81,0.89,2.53,NonBig4,Services,0
C1594,2020,195.98,192.92,-21.44,2.17,2.47,19.8,Big4,Construction,0
C1595,2023,59.24,42.97,8.05,2.75,0.53,4.07,Big4,Construction,0
C1596,2022,170.32,127.62,21.74,0.2,3.42,17.91,NonBig4,Transport,0
C1597,2023,230.75,197.93,40.77,2.98,2.49,14.84,NonBig4,Retail,0
C1598,2022,185.79,210.9,41.1,3.01,0.88,56.48,NonBig4,Retail,0
C1599,2022,216.85,161.04,37.33,1.2,0.35,38.0,NonBig4,Services,0
C1600,2022,63.91,49.58,-4.82,2.31,1.37,12.48,NonBig4,IT,0
C1601,2023,181.02,152.38,33.42,1.41,0.79,23.13,Big4,Transport,1
C1602,2023,123.77,119.29,6.81,0.54,1.0,18.37,NonBig4,Retail,0
C1603,2018,111.09,40.51,-0.4,1.85,3.09,5.82,Big4,Manufacturing,1
C1604,2023,250.22,191.2,9.97,0.3,2.23,14.14,NonBig4,Construction,0
C1605,2021,360.53,264.42,-12.12,3.07,0.86,7.63,Big4,Construction,1
C1606,2020,435.56,491.97,-34.51,3.24,2.08,67.3,NonBig4,Services,0
C1607,2021,326.65,243.08,-22.22,2.88,1.12,-21.83,NonBig4,Retail,1
C1608,2024,138.96,100.26,-16.33,1.97,3.42,-9.73,NonBig4,Transport,0
C1609,2024,183.39,213.83,5.02,1.95,0.4,51.46,Big4,Transport,0
C1610,2023,235.12,165.88,33.09,3.45,2.64,-13.51,Big4,IT,1
C1611,2021,159.61,73.87,6.17,0.87,2.77,8.12,NonBig4,Construction,0
C1612,2023,160.53,79.5,2.74,0.27,0.51,11.61,NonBig4,Retail,0
C1613,2020,243.29,93.83,-0.67,1.97,0.85,-1.95,Big4,Services,1
C1614,2022,143.23,43.04,0.39,1.15,1.53,11.12,NonBig4,Manufacturing,0
C1615,2022,95.82,66.0,-6.98,1.13,3.08,-1.58,NonBig4,Retail,0
C1616,2019,115.74,114.85,19.56,0.02,2.02,29.15,NonBig4,Services,0
C1617,2019,217.1,208.44,-23.08,2.09,2.4,42.77,Big4,Services,1
C1618,2018,148.68,48.91,5.99,0.92,2.81,-0.18,NonBig4,Manufacturing,0
C1619,2018,182.02,147.98,21.01,0.66,2.95,-5.88,Big4,Transport,0
C1620,2021,221.86,97.36,5.71,0.14,1.82,2.58,Big4,Retail,0
C1621,2021,118.52,135.94,25.6,1.28,1.93,8.04,NonBig4,Construction,0
C1622,2019,233.63,105.28,-7.27,3.08,2.6,-0.18,NonBig4,Services,1
C1623,2020,186.29,160.95,31.66,1.18,1.14,48.21,NonBig4,Services,0
C1624,2022,70.75,42.0,5.39,2.38,3.03,-0.34,NonBig4,Transport,0
C1625,2019,352.62,309.39,49.33,2.65,0.37,71.86,Big4,IT,1
C1626,2020,109.9,73.75,7.31,1.15,0.93,-2.68,Big4,Transport,1
C1627,2020,54.98,54.08,9.78,2.88,2.86,15.8,NonBig4,Services,0
C1628,2021,79.28,40.24,9.94,2.42,1.39,-0.39,NonBig4,Retail,0
C1629,2020,80.43,89.7,-0.98,1.96,0.78,6.16,NonBig4,Services,0
C1630,2023,153.13,114.88,19.1,0.0,0.9,14.18,Big4,Construction,0
C1631,2020,125.93,123.47,16.68,0.12,2.0,-6.41,Big4,Services,0
C1632,2021,121.26,129.11,0.49,3.47,3.01,29.27,Big4,Services,0
C1633,2020,215.25,258.07,56.03,2.74,0.53,2.55,NonBig4,Manufacturing,0
C1634,2019,181.99,91.28,-2.05,3.28,0.4,10.93,NonBig4,Construction,1
C1635,2022,179.4,100.14,5.45,3.16,1.79,12.0,NonBig4,IT,0
C1636,2019,189.79,99.71,-15.19,0.07,3.36,14.06,NonBig4,Construction,0
C1637,2020,214.79,115.25,-11.34,2.77,1.19,-8.97,Big4,Transport,0
C1638,2023,41.9,34.53,6.16,1.58,3.37,-1.12,NonBig4,Transport,0
C1639,2024,119.26,142.42,-3.07,2.76,3.14,-5.06,Big4,Transport,1
C1640,2022,40.12,47.79,-1.08,0.02,1.21,1.0,NonBig4,Manufacturing,1
C1641,2024,151.66,117.4,-10.48,1.01,2.91,-4.93,NonBig4,Transport,0
C1642,2023,148.0,129.52,2.75,2.63,2.49,34.81,NonBig4,Services,0
C1643,2021,277.92,298.48,48.54,2.78,1.94,31.39,Big4,Services,0
C1644,2023,302.65,344.91,69.96,2.17,1.65,51.54,NonBig4,Services,1
C1645,2020,167.61,81.04,-13.65,1.05,2.91,3.48,NonBig4,Retail,1
C1646,2021,109.92,85.26,5.0,1.09,2.84,0.9,Big4,Transport,0
C1647,2021,198.56,208.4,2.14,3.38,2.72,21.1,Big4,Construction,0
C1648,2024,108.12,61.94,4.73,1.54,3.49,1.1,NonBig4,Transport,0
C1649,2023,148.29,103.18,0.13,1.56,1.83,3.86,Big4,Transport,1
C1650,2021,268.19,318.36,-6.56,1.93,2.88,25.82,Big4,Services,1
C1651,2022,106.2,126.01,1.56,1.43,3.06,12.89,Big4,IT,0
C1652,2019,240.67,268.47,16.62,1.93,0.98,78.86,Big4,Construction,0
C1653,2023,222.84,226.99,5.78,1.51,0.43,-2.42,NonBig4,Services,1
C1654,2021,83.69,45.38,0.57,2.89,1.6,4.32,NonBig4,IT,0
C1655,2021,266.22,156.74,26.34,3.18,3.04,-6.3,Big4,IT,0
C1656,2023,225.68,178.86,24.24,3.26,1.23,7.15,NonBig4,Transport,0
C1657,2022,157.77,126.96,-5.89,1.98,2.54,23.73,Big4,IT,0
C1658,2018,93.94,70.92,11.37,1.55,0.32,-2.14,Big4,Construction,1
C1659,2020,88.63,77.37,14.25,2.47,1.44,10.25,Big4,Transport,1
C1660,2019,107.49,71.75,-9.39,2.93,2.27,4.78,NonBig4,Manufacturing,1
C1661,2023,205.52,200.23,12.46,1.97,0.72,-15.89,NonBig4,IT,0
C1662,2018,83.65,50.21,-3.6,2.45,3.17,13.72,NonBig4,Services,1
C1663,2019,192.96,115.31,15.29,2.62,0.8,7.55,Big4,Services,1
C1664,2022,70.45,29.2,-2.7,2.37,3.21,6.24,Big4,IT,1
C1665,2022,131.31,61.69,6.3,2.61,0.99,4.1,Big4,Retail,1
C1666,2021,158.51,168.89,-14.39,0.73,3.48,46.44,NonBig4,Transport,0
C1667,2024,643.6,451.58,13.55,1.74,2.24,7.31,Big4,Services,0
C1668,2024,64.95,32.81,7.44,2.06,0.57,2.13,NonBig4,Services,0
C1669,2018,358.96,353.0,-10.03,0.01,0.51,71.85,NonBig4,Retail,0
C1670,2024,162.37,129.67,25.17,3.0,0.54,4.86,NonBig4,Services,1
C1671,2022,189.94,60.6,14.79,2.14,2.19,2.77,NonBig4,Transport,0
C1672,2022,159.33,93.16,18.04,0.45,2.89,27.76,Big4,Manufacturing,0
C1673,2018,193.8,89.01,-11.16,2.86,1.59,10.88,NonBig4,Construction,0
C1674,2022,135.34,120.49,20.34,2.51,1.72,21.18,Big4,Transport,0
C1675,2023,355.11,194.43,-36.07,2.65,2.19,30.6,NonBig4,Services,1
C1676,2022,112.86,40.45,-0.93,1.37,2.01,9.35,NonBig4,Construction,0
C1677,2018,292.76,102.3,19.62,2.99,2.5,25.04,Big4,Services,0
C1678,2021,100.82,83.03,9.13,1.45,1.81,10.4,NonBig4,Manufacturing,0
C1679,2024,143.14,45.74,1.82,2.0,2.58,0.82,Big4,Construction,0
C1680,2023,78.01,83.0,-2.11,0.0,3.49,-7.54,Big4,Transport,0
C1681,2018,195.0,85.77,14.2,2.26,1.42,12.5,NonBig4,Construction,0
C1682,2024,353.21,298.78,35.64,2.51,0.34,68.78,NonBig4,Services,0
C1683,2024,141.68,99.21,1.07,1.98,0.7,7.96,NonBig4,Manufacturing,1
C1684,2019,131.88,92.13,18.58,1.74,2.07,-3.14,NonBig4,Transport,0
C1685,2023,76.04,27.73,-2.68,2.83,1.4,0.42,NonBig4,Transport,0
C1686,2020,129.34,132.25,-16.31,2.38,3.31,13.75,Big4,Transport,0
C1687,2022,57.07,62.99,5.62,0.97,2.31,14.78,Big4,Services,0
C1688,2021,85.82,26.6,6.31,3.36,1.97,-0.83,NonBig4,Construction,0
C1689,2023,170.05,78.35,-6.95,2.48,2.85,11.35,Big4,Services,1
C1690,2024,327.47,364.64,-31.96,3.46,1.13,73.42,NonBig4,Retail,1
C1691,2023,800.73,636.22,-87.31,3.4,2.92,174.59,Big4,Retail,0
C1692,2024,104.38,45.41,8.5,3.22,0.31,-2.42,Big4,Services,0
C1693,2024,351.14,169.43,-16.62,2.64,2.28,45.84,NonBig4,Construction,0
C1694,2018,171.79,153.58,4.06,2.13,3.29,21.59,NonBig4,Manufacturing,0
C1695,2019,135.54,129.08,31.74,0.6,2.82,26.68,NonBig4,IT,0
C1696,2023,192.4,161.52,-31.42,1.9,3.03,-12.68,NonBig4,Services,0
C1697,2022,154.03,178.34,8.99,2.68,1.57,18.27,Big4,Transport,0
C1698,2018,158.58,118.09,3.61,1.82,2.94,17.6,NonBig4,Retail,0
C1699,2018,116.16,66.24,10.82,3.04,2.06,1.51,Big4,Manufacturing,0
C1700,2021,64.14,46.79,-1.88,0.38,2.28,3.4,NonBig4,Retail,0
C1701,2022,58.78,36.66,-0.56,1.33,0.49,4.46,Big4,Transport,0
C1702,2019,219.63,110.25,-13.72,1.77,0.94,13.34,NonBig4,Retail,0
C1703,2019,125.71,42.91,5.72,1.51,2.06,-3.57,Big4,IT,1
C1704,2018,103.79,64.04,9.81,0.38,0.49,4.85,NonBig4,Transport,1
C1705,2021,149.17,140.26,-19.43,0.54,2.67,-2.03,NonBig4,Retail,1
C1706,2018,239.12,75.7,-1.74,2.93,2.99,20.19,NonBig4,Construction,1
C1707,2022,165.38,114.98,23.2,1.7,3.25,33.42,Big4,Retail,0
C1708,2021,100.12,88.07,-17.51,0.17,0.63,1.75,NonBig4,Services,1
C1709,2021,309.75,263.09,-17.25,0.06,3.31,-7.87,Big4,Retail,0
C1710,2022,382.8,382.41,19.03,1.66,0.52,-4.66,Big4,IT,1
C1711,2021,199.68,205.56,-10.21,0.58,1.82,18.73,Big4,Transport,1
C1712,2023,266.19,250.36,-19.42,2.47,2.99,62.54,Big4,Retail,0
C1713,2023,312.68,122.73,0.86,2.78,0.52,12.27,NonBig4,Retail,1
C1714,2024,292.38,212.71,-25.17,0.8,0.36,-16.56,Big4,IT,1
C1715,2023,214.53,180.86,6.93,2.07,0.38,-15.2,NonBig4,Services,1
C1716,2021,212.51,110.72,13.07,0.54,1.94,-1.0,NonBig4,Construction,1
C1717,2021,202.71,68.58,4.04,1.06,2.9,16.26,NonBig4,IT,0
C1718,2019,76.83,38.51,-6.09,3.11,0.71,5.72,NonBig4,Manufacturing,1
C1719,2022,225.98,160.31,28.85,1.9,0.7,20.07,NonBig4,Transport,0
C1720,2018,65.79,44.25,-5.37,3.1,2.12,1.22,Big4,Services,0
C1721,2024,92.13,42.29,6.1,0.79,1.05,11.49,NonBig4,Construction,0
C1722,2023,324.45,338.07,-12.76,1.16,2.64,10.98,Big4,Services,0
C1723,2018,245.71,278.42,42.39,1.65,3.34,65.14,Big4,IT,0
C1724,2023,362.29,174.34,-18.69,1.68,2.75,45.04,Big4,Construction,0
C1725,2018,126.09,143.32,-16.63,3.49,3.11,13.38,NonBig4,Retail,1
C1726,2023,74.34,23.5,0.56,0.4,1.96,6.06,NonBig4,Retail,0
C1727,2018,128.48,145.5,-26.94,2.98,2.96,1.56,NonBig4,Transport,0
C1728,2021,157.78,182.51,-18.0,3.02,0.89,29.82,Big4,Construction,1
C1729,2022,155.62,48.37,6.09,1.94,0.52,-3.14,NonBig4,Retail,0
C1730,2023,293.01,289.12,51.12,1.2,2.4,25.9,NonBig4,Manufacturing,0
C1731,2020,119.49,140.18,-22.94,1.82,0.47,-1.83,Big4,Manufacturing,1
C1732,2024,183.32,204.46,40.27,1.02,3.16,-15.31,NonBig4,Transport,0
C1733,2023,82.01,96.25,15.29,2.8,2.51,-9.48,NonBig4,Transport,0
C1734,2019,194.45,154.64,29.59,1.74,3.35,4.62,NonBig4,Services,0
C1735,2022,148.69,55.07,6.29,3.24,1.3,7.48,Big4,Retail,0
C1736,2023,94.64,100.77,10.42,2.18,1.86,8.27,NonBig4,Services,0
C1737,2020,128.83,109.82,3.99,1.8,2.67,2.27,Big4,Manufacturing,0
C1738,2023,132.89,113.39,10.63,2.49,1.08,33.62,Big4,Construction,0
C1739,2024,126.2,85.25,18.21,1.76,2.03,23.51,Big4,Construction,0
C1740,2023,429.58,349.96,-54.16,3.17,2.41,-17.41,NonBig4,Transport,0
C1741,2023,139.9,61.31,-3.55,0.65,3.43,4.05,Big4,Retail,0
C1742,2022,128.21,123.82,-20.73,3.41,2.68,19.75,NonBig4,Retail,1
C1743,2019,42.16,15.49,3.49,2.84,0.68,3.0,Big4,Manufacturing,0
C1744,2023,86.79,83.04,0.03,3.01,1.82,3.87,NonBig4,Services,0
C1745,2020,126.74,134.86,14.01,1.69,2.18,26.77,Big4,Construction,0
C1746,2021,98.35,71.33,12.73,2.93,0.77,-3.59,NonBig4,Manufacturing,1
C1747,2020,340.03,258.03,63.46,1.07,1.68,8.44,NonBig4,IT,0
C1748,2020,134.43,78.1,-9.93,2.67,1.21,14.57,NonBig4,Services,0
C1749,2019,321.52,376.99,60.24,0.49,0.68,56.65,Big4,IT,1
C1750,2024,154.01,147.82,29.47,1.07,1.94,34.72,NonBig4,Services,0
C1751,2019,151.77,95.93,-17.08,1.56,0.83,-7.8,NonBig4,Manufacturing,1
C1752,2018,140.71,64.35,8.97,1.13,2.19,-1.95,NonBig4,Manufacturing,0
C1753,2024,148.75,74.02,-2.99,1.35,0.84,-5.97,Big4,Construction,0
C1754,2021,416.25,298.67,27.44,2.87,2.62,-6.92,NonBig4,Construction,0
C1755,2021,36.9,42.37,1.33,0.9,0.92,-4.16,Big4,IT,0
C1756,2023,44.66,42.91,-3.57,2.61,3.17,4.36,Big4,Transport,0
C1757,2020,107.14,52.9,-7.36,0.26,0.38,5.89,NonBig4,Manufacturing,1
C1758,2018,149.71,160.73,-23.69,2.68,1.97,26.22,NonBig4,Retail,1
C1759,2023,224.54,143.79,-22.07,2.77,1.32,7.76,NonBig4,Retail,0
C1760,2019,197.13,210.25,18.29,1.41,1.02,-20.76,NonBig4,Manufacturing,0
C1761,2021,117.85,60.99,-2.55,2.53,1.81,10.34,Big4,Manufacturing,0
C1762,2024,273.53,234.36,-24.03,3.2,2.99,-18.35,NonBig4,Manufacturing,0
C1763,2024,275.37,312.27,34.77,2.8,3.23,76.96,NonBig4,Construction,0
C1764,2020,165.74,88.19,9.62,1.37,1.27,-8.02,Big4,Manufacturing,0
C1765,2023,264.43,244.24,10.41,1.69,0.79,27.4,NonBig4,Retail,0
C1766,2022,174.79,207.75,45.86,2.73,2.6,53.59,NonBig4,Manufacturing,0
C1767,2021,105.97,46.15,-1.23,1.02,2.16,5.95,NonBig4,IT,0
C1768,2018,225.58,85.62,15.08,2.81,0.94,12.28,Big4,Construction,0
C1769,2020,158.6,143.81,-23.9,1.15,2.73,24.83,NonBig4,Transport,0
C1770,2022,148.53,89.97,11.96,2.82,1.96,-4.59,NonBig4,Manufacturing,1
C1771,2024,359.16,130.78,32.02,0.3,2.39,22.23,NonBig4,Retail,0
C1772,2018,34.11,24.82,4.49,0.16,1.45,6.26,NonBig4,Services,0
C1773,2023,63.4,62.03,3.77,3.49,1.71,17.97,NonBig4,Construction,0
C1774,2023,72.8,40.52,3.32,3.04,0.88,3.13,NonBig4,Manufacturing,1
C1775,2024,119.35,71.79,-2.94,3.09,2.72,2.71,NonBig4,Retail,0
C1776,2020,127.39,135.18,14.3,3.33,0.8,27.21,NonBig4,Services,1
C1777,2018,60.08,46.15,6.77,1.53,2.79,5.41,NonBig4,Manufacturing,0
C1778,2019,82.18,86.98,21.68,1.0,2.85,0.25,NonBig4,Services,0
C1779,2023,88.54,62.13,1.34,0.46,2.69,-1.93,Big4,IT,0
C1780,2024,648.37,750.6,-129.41,1.75,0.36,-23.95,NonBig4,Construction,1
C1781,2022,437.49,387.49,26.4,0.77,1.17,32.42,Big4,Services,1
C1782,2018,115.93,46.87,-6.86,3.27,1.8,-1.5,Big4,Services,0
C1783,2018,119.32,130.84,-11.76,0.01,2.21,-12.05,NonBig4,Transport,0
C1784,2021,74.48,55.14,-2.87,0.5,3.24,-4.37,NonBig4,Construction,0
C1785,2022,47.23,20.19,2.6,0.86,1.5,5.49,NonBig4,Construction,0
C1786,2018,138.36,60.52,-7.1,0.7,3.1,-4.29,NonBig4,Transport,0
C1787,2022,81.56,74.94,-9.4,0.79,0.82,-5.3,NonBig4,Manufacturing,1
C1788,2021,141.05,48.33,-8.69,2.3,1.49,3.89,NonBig4,Manufacturing,0
C1789,2018,56.82,31.7,6.12,1.15,0.47,-0.06,NonBig4,Services,0
C1790,2018,93.95,40.0,4.48,2.15,2.68,11.4,Big4,Retail,0
C1791,2021,162.26,113.09,-20.59,3.12,0.78,29.9,NonBig4,Retail,1
C1792,2023,184.88,124.41,-23.3,2.11,1.12,7.7,Big4,Manufacturing,1
C1793,2023,190.66,146.75,7.54,2.43,2.78,11.67,Big4,Transport,0
C1794,2021,67.2,37.07,-2.7,1.28,2.01,1.86,Big4,Construction,0
C1795,2020,247.85,81.5,5.58,0.56,0.34,-6.92,NonBig4,IT,0
C1796,2024,91.82,78.32,-0.35,1.12,0.31,1.34,NonBig4,Manufacturing,1
C1797,2021,216.96,138.06,29.75,3.37,1.93,-7.03,NonBig4,Services,0
C1798,2020,147.47,130.69,-9.21,2.18,1.28,-7.72,NonBig4,Construction,1
C1799,2021,64.99,25.85,2.73,0.97,0.88,3.21,NonBig4,Construction,0
